radeg,raerr,decdeg,decerr,number_of_Obs,Johnson_V,Verr,Johnson_B,B_err,Sloan_g,gerr,Sloan_r,r_err,Sloan_i,i_err
305.218937,1.006,19.984279,0.561,3,14.943,0.113,15.879,0.121,15.569,0.362,14.53,0.033,14.275,0.026
305.226219,0.431,19.988548,0.788,3,15.197,0.061,16.296,0.064,15.684,0,14.899,0.008,14.64,0.037
305.227219,1.143,19.976109,0.912,2,15.981,0,16.689,-0.12,16.339,0,NA,NA,NA,NA
305.227901,0.964,19.975829,0.769,2,16.247,0,16.382,-0.18,NA,NA,15.956,0,NA,NA
305.23753,1.677,19.999534,0.653,2,16.89,0,17.963,-0.334,NA,NA,16.248,0,NA,NA
305.240174,0.87,19.984363,0.45,6,10.749,0.083,11.52,0.075,11.205,0.268,10.496,0.058,10.327,0.133
305.250775,0.994,19.99753,0.946,3,15.517,0.182,16.22,0,15.818,0,15.034,0,14.662,0.037
305.251389,0.626,19.992296,1.043,2,15.309,0.102,16.08,0.029,15.717,0,15.1,0,NA,NA
305.254615,0.846,19.983644,1.475,3,14.481,0.076,15.363,0.173,15.043,0,14.109,0,13.884,0.077
305.25817,0.911,19.999648,0.412,3,15.557,0.046,16.125,-0.078,15.893,0.04,15.426,0,15.367,0
305.259081,0.664,19.966006,0.962,4,14.948,0.09,15.633,0.109,15.505,0.439,14.705,0.042,14.555,0.008
305.264874,0.817,19.998488,0.634,2,14.939,0,15.492,-0.039,15.214,0,14.818,0,14.745,0.01
305.268525,0.815,19.958922,0.721,5,13.774,0.021,14.289,0.072,14.197,0.356,13.607,0.037,13.556,0.156
305.268591,0.89,19.990469,0.964,4,14.842,0.126,15.522,0.068,15.248,0.167,14.642,0.046,14.493,0.062
305.276858,1.378,19.998685,1.101,2,16.501,0,17.23,-0.182,NA,NA,NA,NA,16.157,0
305.289764,1.719,19.96789,0.882,5,14.47,0,NA,NA,14.767,0,14.307,0.054,14.075,0.01
305.290031,0.89,19.967823,0.743,3,14.464,0.082,15.008,0.076,15.13,0.586,14.287,0,NA,NA
305.297414,1.557,19.954159,0.277,2,16.237,0,17.119,-0.174,NA,NA,NA,NA,15.715,0
305.297734,1.023,19.994592,1.296,2,15.427,0,16.166,-0.072,15.954,0,15.495,0,NA,NA
305.303998,1.003,19.99834,0.728,4,14.977,0.1,15.585,0.006,NA,NA,NA,NA,14.602,0.052
305.309186,0.299,19.965016,0.8,3,15.611,0,16.187,-0.076,NA,NA,NA,NA,15.261,0.148
305.319002,0.855,19.927527,0.977,2,15.277,0.006,15.663,0.012,NA,NA,NA,NA,NA,NA
305.320057,0.986,19.937577,0.81,5,13.904,0.059,14.825,0.016,14.806,0.433,13.51,0.062,13.369,0.158
305.321285,0.795,19.921656,0.701,6,13.188,0.045,14.186,0.168,13.907,0.392,12.852,0.095,12.616,0.13
305.326483,1.242,19.948919,0.732,4,14.333,0.006,14.81,0.011,15.226,0,14.096,0,14.067,0.18
305.331561,1.142,19.982611,0.889,4,14.116,0.165,14.797,0.164,NA,NA,NA,NA,13.916,0.267
305.339114,1.254,19.980105,0.74,5,14.294,0.045,14.872,0.217,14.944,0.422,14.031,0.037,13.982,0.199
305.340775,1.062,19.938084,1.149,5,14.666,0.045,15.118,0.04,15.247,0.4,14.358,0.035,14.325,0.011
305.341795,0.879,19.95695,0.94,4,14.519,0.076,15.277,0.053,15.729,0,14.192,0,13.898,0.021
305.344774,0.909,19.96753,0.799,4,14.351,0.037,14.896,0.023,15.332,0,14.144,0,14.15,0.254
305.350659,0.928,19.998188,0.735,4,15.217,0.094,15.764,0.076,NA,NA,NA,NA,14.883,0.011
305.356491,1.357,19.903945,0.721,4,15.223,0,15.887,0,15.794,0.527,15.09,0.06,14.919,0.094
305.366066,1.055,19.910678,1.167,3,15.556,0.043,16.193,0.068,NA,NA,NA,NA,15.081,0
305.367776,0.944,19.986739,0.833,5,13.824,0.068,14.456,0.163,14.485,0.401,13.646,0.131,13.642,0.147
305.367834,0.753,19.953068,0.858,2,15.985,0,16.585,-0.107,NA,NA,NA,NA,15.849,0
305.37255,1.106,19.975764,1.036,3,15.635,0,16.265,-0.079,NA,NA,NA,NA,15.137,0.221
305.373555,1.002,19.95944,0.963,5,14.298,0.089,14.987,0.011,15.046,0.453,14.015,0.064,13.955,0.198
305.375604,0.689,19.992103,0.583,4,14.533,0,15.633,0,15.854,-0.067,14.117,0,13.919,0.16
305.377081,1.101,19.903964,1.069,4,14.649,0.176,15.632,0.111,15.739,0,14.146,0,13.936,0.053
305.377677,0.907,19.966445,0.819,4,14.586,0.012,15.446,0.035,15.654,0,14.13,0,13.866,0.059
305.378984,0.883,19.95334,1.452,6,14.225,0.169,14.768,0.123,14.779,0.503,14.103,0,13.963,0.078
305.380917,0.654,19.915591,0.569,6,12.573,0.039,13.692,0.179,13.339,0.376,12.217,0.084,12.043,0.131
305.382465,1.292,19.93199,1.012,3,15.485,0.038,16.376,0.069,15.761,0,NA,NA,14.82,0.061
305.384918,1.027,19.889847,1.147,3,15.165,0.141,15.593,0.006,NA,NA,NA,NA,15.028,0
305.384992,0.801,19.985313,0.429,2,16.158,0,16.349,-0.089,NA,NA,NA,NA,15.599,0
305.388296,0.915,19.957357,0.362,5,13.933,0.006,15.224,0.026,15.206,0,13.279,0,12.029,0.092
305.389451,0.597,19.997725,1.201,3,15.462,0.067,16.128,0.116,NA,NA,NA,NA,14.906,0
305.390277,1.515,19.904619,1.331,4,15.255,0.021,15.88,0.01,NA,NA,NA,NA,14.997,0.075
305.391751,0.878,19.989011,0.782,6,13.588,0.05,14.295,0.145,14.15,0.367,13.376,0.027,13.363,0.108
305.39297,0.343,19.885337,0.786,3,14.85,0,15.616,-0.043,NA,NA,NA,NA,14.35,0
305.394876,0.52,19.971731,0.434,3,15.91,0,16.546,-0.1,NA,NA,NA,NA,15.045,0.126
305.39507,0.716,19.997686,1.334,3,15.001,0,15.722,-0.047,NA,NA,NA,NA,14.633,0.139
305.395222,0.588,19.947859,0.91,5,14.617,0.073,15.21,0.024,15.384,0.376,14.356,0.037,14.328,0.028
305.396386,1.125,19.927643,0.883,2,15.037,0.029,15.718,0.025,16.118,0,14.785,0,NA,NA
305.403686,0.957,19.941275,0.812,6,13.698,0.064,14.829,0.064,14.535,0.406,13.23,0.059,12.838,0.146
305.407398,0.88,19.909176,1.139,5,13.988,0.016,14.867,0.021,14.412,0.196,13.6,0.152,13.346,0.165
305.410573,0.54,19.961329,0.43,4,10.316,0.032,11.26,0.093,10.98,0.409,10.013,0.081,9.865,0.125
305.411201,0.846,19.918331,1.169,3,15.259,0.021,15.88,0.012,NA,NA,NA,NA,15.028,0
305.412478,0.748,19.950068,0.754,5,14.624,0.095,15.702,0.06,15.71,0.438,14.118,0.066,13.957,0.114
305.415739,0.963,19.967875,0.868,4,14.576,0.092,15.703,0.218,15.74,0,14.082,0,13.923,0.118
305.418773,0.821,19.915481,0.889,4,13.768,0.04,14.275,0.017,14.369,0.552,13.642,0.09,13.575,0.179
305.419803,2.188,19.871944,0.267,2,15.272,0,16.216,-0.069,NA,NA,NA,NA,15.03,0
305.423039,1.403,19.999354,0.954,2,14.537,0.06,15.398,0.185,14.802,0.162,14.263,0.162,NA,NA
305.423177,0.583,19.999731,0.59,3,14.515,0.035,15.098,0.043,NA,NA,14.335,0,14.214,0
305.423475,0.607,19.892071,0.669,5,13.306,0.024,14.316,0.069,14.046,0.404,12.965,0.106,12.711,0.113
305.425102,0.613,19.919879,0.813,4,14.403,0.048,14.877,0.034,15.027,0.454,14.287,0.258,14.086,0
305.426268,1.089,19.961246,0.935,5,13.709,0.049,14.281,0.121,14.184,0.391,13.542,0.098,13.423,0.217
305.42988,0.788,19.871736,0.541,3,14.831,0.038,15.754,0.023,16.093,0,14.47,0,14.198,0
305.432896,0.411,19.967982,1.083,3,15.141,0.019,15.841,0.038,NA,NA,NA,NA,14.587,0
305.435163,0.374,19.903979,0.982,3,13.786,0.159,14.632,0,NA,NA,NA,NA,13.97,-0.066
305.43924,0.744,19.987395,0.894,4,14.891,0.049,15.476,0.115,15.454,0.383,14.564,0.137,14.58,0
305.439273,0.706,19.872197,0.598,4,14.005,0.056,14.612,0.028,14.75,0.388,13.76,0.034,13.813,0.194
305.442396,0.469,19.877749,0.482,3,14.573,0.016,15.603,0.01,15.863,0,14.203,0,14.019,0.087
305.448273,0.613,19.922306,0.555,5,12.941,0.07,13.518,0.127,13.438,0.407,12.816,0.067,12.83,0.136
305.448437,0.669,19.970326,0.896,4,14.65,0.037,15.599,0.008,15.483,0.395,14.27,0.035,14.034,0
305.448463,1.028,19.907147,1.104,5,13.103,0.064,14.166,0.033,13.848,0.388,12.781,0.29,12.262,0.032
305.45362,0.476,19.890481,0.545,4,13.937,0.047,14.387,0.147,14.52,0.355,13.675,0.061,13.783,0.124
305.454819,0.913,19.993909,0.591,3,14.88,0.011,15.321,0.031,15.841,0,14.846,0,14.689,0
305.464243,0.354,19.997734,0.656,3,15.458,0.01,16.153,0,NA,NA,15.123,-0.079,14.816,0
305.464388,0.758,19.934456,1.148,2,15.87,0,16.737,-0.109,16.29,0,NA,NA,15.4,0
305.467758,0.817,19.979037,0.644,3,14.497,0.006,15.595,0.167,15.727,0,14.079,0,13.943,0.238
305.472093,0.611,19.95691,0.508,5,14.071,0.088,14.741,0.073,14.837,0.388,13.936,0.083,13.948,0.181
305.473011,0.601,19.928681,0.501,3,14.502,0.046,15.469,0.077,15.701,0,14.068,0,13.832,0.147
305.47463,0.623,19.862112,0.851,3,15.305,0.104,15.686,0.019,16.311,0,15.061,0,14.925,0
305.481176,0.623,19.867239,0.882,4,14.253,0.07,15.593,0.01,15.359,0.414,13.668,0,13.423,0.163
305.481688,0.737,19.937581,0.948,3,14.429,0,15.517,0,15.788,-0.059,13.961,0,13.91,0.285
305.48495,0.379,19.973426,0.408,5,12.188,0.026,12.81,0.109,12.705,0.397,11.983,0.064,11.939,0.118
305.485325,0.733,19.879713,0.953,4,14.954,0.142,15.354,0.034,15.945,0,14.717,0,14.554,0
305.487626,1.37,19.966053,0.68,3,14.595,0,15.071,0.057,15.529,0,14.534,0,14.403,0
305.490561,0.764,19.94363,1.077,4,14.387,0.162,15.32,0.054,15.305,0.491,13.898,0.02,13.719,0.139
305.493331,0.649,19.844728,0.441,4,14.03,0.052,14.608,0.033,14.778,0.444,13.829,0.1,13.807,0.143
305.496734,0.317,19.911439,1.216,2,15.707,0,16.34,-0.079,NA,NA,NA,NA,15.365,0
305.498752,0.742,19.97871,0.67,5,13.668,0.016,14.664,0.158,14.384,0.378,13.318,0.078,13.211,0.226
305.501221,1.781,19.85963,0.383,2,15.65,0,16.46,-0.087,NA,NA,NA,NA,15.161,0
305.507194,1.358,19.876814,0.577,3,15.425,0.099,16.214,0.18,NA,NA,NA,NA,14.965,0
305.511265,0.832,19.938429,0.94,4,14.156,0,15.368,0,15.254,0.344,13.666,0.045,13.529,0.249
305.511358,0.463,19.858115,0.599,4,14.172,0.061,14.872,0.047,15.064,0.365,13.838,0.037,13.621,0
305.520381,0.427,19.845951,0.218,2,14.492,0,14.952,-0.025,NA,NA,NA,NA,14.189,0
305.520865,0.635,19.840323,1.144,4,13.849,0.056,14.636,0.245,14.58,0.48,13.522,0.012,13.527,0.199
305.52261,0.458,19.901314,0.516,3,14.628,0.096,15.774,0,15.922,0,14.109,0,13.861,0.137
305.524981,0.722,19.867344,1.258,4,14.418,0.064,15,0.075,15.156,0.395,14.151,0.095,14.029,0
305.525425,0.336,19.934957,0.378,5,10.736,0.025,11.314,0.081,11.222,0.392,10.568,0.075,10.545,0.109
305.527562,1.009,19.909257,0.949,3,15.046,0.017,15.513,0.036,15.836,0,14.836,0,14.798,0
305.529157,0.833,19.999468,0.894,5,13.636,0.026,14.641,0.171,14.349,0.379,13.271,0.047,13.13,0.202
305.529705,0.486,19.831966,0.673,5,13.552,0.063,14.539,0.103,14.274,0.376,13.233,0.072,13.024,0.096
305.530652,0.226,19.837283,1.65,2,15.94,0,16.233,-0.149,NA,NA,NA,NA,15.472,0
305.531393,0.767,19.968952,0.676,5,12.977,0.054,13.827,0.144,13.538,0.374,12.912,0.366,12.561,0.106
305.53753,0.343,19.996994,0.348,5,11.702,0.038,12.903,0.1,12.514,0.397,11.298,0.096,11.026,0.107
305.538806,0.859,19.96375,0.847,2,16.418,0,16.999,-0.151,NA,NA,NA,NA,16.39,0
305.543926,1.006,19.83039,0.834,3,15.112,0.01,15.712,0.008,16.235,0,14.875,0,14.773,0
305.544192,0.367,19.970026,1.487,2,15.984,0,16.757,-0.117,NA,NA,NA,NA,15.61,0
305.553075,1.043,19.849616,0.802,3,15.302,0.055,15.784,0.132,16.182,0,15.296,0,14.923,0
305.553898,1.468,19.969743,0.627,3,15.501,0,16.158,0,16.373,-0.104,15.126,0,15.147,0
305.554619,0.432,19.95404,0.586,3,14.666,0,15.171,0,15.591,-0.051,14.415,0,14.27,0
305.56213,0.704,19.965821,0.628,5,13.378,0.068,14.09,0.058,13.929,0.399,13.077,0.046,13.044,0.111
305.563341,0.708,19.856816,0.788,5,13.345,0.029,14.527,0.144,14.114,0.41,12.967,0.09,12.753,0.097
305.567428,0.774,19.87668,0.62,3,14.944,0.097,15.54,0.103,15.894,0,14.742,0,14.596,0
305.567447,0.361,19.843241,0.61,5,13.548,0.032,14.933,0.095,14.514,0.374,12.992,0.116,12.44,0.164
305.567754,1.318,19.980994,1.105,3,15.545,0.015,16.02,0.104,NA,NA,NA,NA,15.323,0
305.570663,1.083,19.971467,1.168,3,14.413,0.05,15.1,0.171,15.14,0.482,14.178,0,14.087,0
305.571278,0.754,19.896561,1.018,2,15.764,0,15.435,0,NA,NA,NA,NA,15.43,-0.101
305.572067,1.135,19.815893,1.251,3,15.49,0.015,15.96,0.091,NA,NA,NA,NA,15.153,0
305.574824,0.712,19.887503,1.404,3,15.011,0,15.993,0,16.115,-0.084,14.633,0,14.352,0
305.576981,0.271,19.896886,0.293,5,11.434,0.027,12.048,0.092,11.933,0.405,11.251,0.058,11.231,0.106
305.579176,0.994,19.93395,1.083,3,15.042,0.025,15.802,0.056,16.021,0,14.595,0,14.312,0
305.58058,0.594,19.960438,0.466,3,14.43,0.089,15.158,0.039,15.514,0,14.208,0,13.975,0
305.581209,0.448,19.945171,0.48,5,13.652,0.052,14.353,0.146,14.199,0.368,13.364,0.062,13.3,0.101
305.581577,0.617,19.951171,0.788,4,14.572,0.059,15.18,0.117,15.074,0,14.291,0,14.337,0
305.587577,0.64,19.890272,0.723,4,14.334,0.051,15.364,0.031,15.297,0.371,13.888,0.046,13.78,0.266
305.5891,1.197,19.815328,0.81,3,14.852,0.075,15.551,0.078,15.741,0,14.63,0,14.556,0
305.589249,0.54,19.961722,0.415,3,13.749,0.074,14.877,0.067,15.043,0,13.267,0,13.2,0.207
305.58982,0.771,19.874401,0.837,5,13.666,0.067,14.947,0.062,14.548,0.377,13.176,0.089,12.814,0.123
305.600303,0.938,19.913289,0.474,5,13.92,0.073,14.694,0.024,14.622,0.355,13.654,0.093,13.486,0.069
305.601496,0.385,19.851631,0.322,5,12.153,0.037,12.94,0.121,12.74,0.391,11.917,0.075,11.813,0.119
305.603398,0.414,19.980901,0.45,5,13.1,0.061,14.752,0.301,14.113,0.377,12.491,0.111,11.94,0.045
305.608966,0.428,19.859239,0.647,5,13.037,0.069,14.07,0.148,13.733,0.4,12.634,0.075,12.389,0.124
305.609881,0.699,19.806892,0.752,5,13.319,0.03,14.688,0.199,14.17,0.461,12.866,0.112,12.485,0.116
305.610407,0.645,19.882922,1.347,2,15.245,0,15.91,-0.053,NA,NA,NA,NA,15.115,0
305.613695,1.175,19.972891,0.684,2,15.205,0,15.807,-0.051,NA,NA,NA,NA,14.797,0
305.616654,0.955,19.883582,0.628,3,14.872,0.037,15.576,0.006,15.86,0,14.635,0,14.429,0
305.617123,0.665,19.866917,0.659,3,14.486,0.017,15.038,0.006,15.506,0,14.271,0,14.226,0
305.619671,0.844,19.97535,0.584,3,14.588,0.099,15.487,0.052,15.678,0,14.21,0,14.174,0.16
305.623597,0.991,19.809197,1.044,3,15.882,0.018,16.579,0.102,16.033,0,NA,NA,15.317,0.025
305.62537,0.567,19.931165,0.391,5,12.788,0.046,13.074,0.085,13.122,0.392,12.679,0.041,12.75,0.168
305.626533,0.704,19.868488,0.678,5,13.757,0.091,14.241,0.118,14.21,0.401,13.559,0.036,13.699,0.166
305.626908,1.222,19.924054,0.44,4,14.585,0.04,15.112,0.176,15.492,0,14.499,0,14.45,0
305.629248,1.152,19.965185,1.258,3,14.991,0,15.358,-0.071,15.393,0,14.916,0,14.781,0
305.632943,0.686,19.916202,0.92,4,13.791,0.042,14.854,0.008,14.725,0.351,13.306,0.02,13.224,0.098
305.633084,0.609,19.9768,0.755,5,14.259,0.074,15.562,0.09,15.108,0.43,13.805,0.074,13.475,0.099
305.638136,1.102,19.873944,1.285,2,13.564,-0.07,NA,NA,14.274,0.115,13.313,0.055,12.871,0
305.638249,0.847,19.980564,1.187,2,15.091,0.085,15.718,0.133,15.692,0.608,14.733,0,14.708,0
305.638371,0.493,19.874041,0.792,4,13.707,0.048,14.774,0.059,14.932,0,13.229,0,13.038,0.124
305.640365,0.231,19.951116,0.285,4,11.205,0.038,12.431,0.102,12.009,0.417,10.777,0.106,10.504,0.094
305.641064,1.482,19.867271,0.604,2,15.028,0.057,15.588,0.021,NA,NA,NA,NA,14.73,0
305.641275,0.561,19.887876,0.639,2,14.545,0.044,15.31,0.036,15.705,0,14.19,0,NA,NA
305.648845,0.273,19.810847,0.223,4,9.92,0.028,10.41,0.074,10.407,0.462,9.766,0.062,9.79,0.124
305.649582,0.671,19.890883,0.941,4,14.541,0.047,15.262,0.021,15.206,0.488,14.286,0.026,14.193,0
305.649746,1.33,19.974692,0.847,2,16.104,0.059,16.55,0.051,NA,NA,NA,NA,NA,NA
305.657688,0.86,19.868926,1.53,2,15.949,0.1,16.528,0.039,NA,NA,NA,NA,NA,NA
305.658756,1.01,19.823026,1.343,3,14.733,0.047,15.369,0.056,15.476,0.369,14.394,0,NA,NA
305.660464,1.742,19.978043,0.832,2,15.323,0.165,15.883,0.062,NA,NA,NA,NA,NA,NA
305.662252,0.944,19.988467,1.102,3,14.582,0.034,15.245,0.041,15.234,0.489,14.328,0.021,NA,NA
305.663579,0.361,19.888922,0.632,3,14.655,0.03,15.246,0.046,15.453,0.348,14.41,0.103,NA,NA
305.664976,0.612,19.9211,1.073,3,14.408,0.033,15.101,0.212,15.125,0.439,14.091,0.042,14.151,0
305.667131,0.616,19.81542,1.162,4,14.198,0.076,14.88,0.059,14.847,0.328,14.017,0.052,13.765,0
305.667851,0.756,19.936704,0.63,3,14.003,0.034,14.158,0.162,14.382,0.322,13.892,0.029,NA,NA
305.668509,0.869,19.791093,0.407,3,14.345,0.061,14.827,0.023,15.022,0.309,14.075,0.027,NA,NA
305.67258,0.469,19.800788,0.564,2,14.788,0.021,15.465,0.105,15.764,0,14.636,0,NA,NA
305.67569,0.732,19.838043,1.052,2,14.744,0,15.213,-0.068,15.577,0,14.514,0,14.446,0
305.675889,0.67,19.810767,0.834,4,13.318,0.048,13.924,0.131,13.841,0.387,13.174,0.117,13.188,0.069
305.677189,0.703,19.896745,0.332,4,11.446,0.024,11.622,0.071,11.708,0.389,11.442,0.042,11.657,0.147
305.685134,0.398,19.81327,0.278,4,12.074,0.032,12.48,0.096,12.472,0.388,11.97,0.055,12.02,0.119
305.685257,0.504,19.941978,0.394,4,13.02,0.039,13.66,0.187,13.687,0.46,12.815,0.008,12.826,0.094
305.686016,0.693,19.865659,0.682,4,14.049,0.029,15.007,0.006,14.88,0.352,13.753,0.102,13.69,0
305.686288,1.153,19.797825,0.754,3,15.127,0.036,15.767,0.105,15.506,0,14.996,0,NA,NA
305.687161,0.149,19.849888,0.13,2,7.149,0,7.918,0.114,8.07,0,7.046,0,6.798,0.049
305.6955,1.641,19.84345,0.815,2,14.466,0,15.261,-0.076,NA,NA,NA,NA,13.957,0
305.697938,0.645,19.788354,0.858,3,14.491,0.1,15.122,0.182,15.163,0.402,14.234,0.021,NA,NA
305.69854,0.298,19.904001,0.411,4,12.095,0.027,12.595,0.065,12.547,0.401,11.949,0.057,11.952,0.14
305.70114,0.518,19.876796,0.505,3,14.555,0.019,15.076,0.086,15.167,0.418,14.434,0.022,NA,NA
305.702509,0.674,19.946797,0.693,3,14.557,0.045,15.126,0.019,15.266,0.388,14.311,0.039,NA,NA
305.704718,0.65,19.932838,0.975,4,14.345,0.028,14.833,0.252,15.203,0,14.138,0,14.314,0
305.7055,0.7,19.851748,0.567,3,14.021,0.046,14.522,0.084,14.641,0.405,13.872,0.069,14.122,0
305.712448,0.553,19.874344,0.642,3,14.215,0.088,14.837,0.065,14.778,0.52,13.943,0.107,NA,NA
305.713082,0.407,19.82332,0.48,4,12.529,0.037,13.05,0.097,13.006,0.389,12.348,0.056,12.328,0.125
305.716743,1.044,19.908423,0.679,3,14.805,0.077,15.447,0.079,15.743,0,14.492,0,NA,NA
305.720839,0.776,19.802541,0.311,3,14.181,0.07,15.318,0.031,15.192,0.311,13.688,0.008,13.584,0
305.721854,0.834,19.778608,0.782,4,13.521,0.027,14.409,0.165,14.174,0.352,13.124,0.035,12.979,0.068
305.72305,1.024,19.914825,0.325,2,14.139,0.046,14.641,0,15.069,0,13.98,0,14.179,0
305.723181,1.264,19.9148,0.979,2,14.185,0.037,14.748,0.27,14.476,0,14.057,0,NA,NA
305.72323,1.079,19.819494,0.586,2,15.36,0,16.119,0.043,NA,NA,NA,NA,NA,NA
305.725605,0.405,19.870382,0.57,2,14.764,0.073,15.283,0.038,15.667,0,14.488,0,NA,NA
305.727249,0.664,19.855253,0.722,2,15.288,0.046,15.656,0.029,16.127,0,15.043,0,NA,NA
305.733811,0.532,19.97152,0.828,3,14.831,0.064,15.676,0.292,16.03,0,14.376,0,NA,NA
305.736696,1.255,19.873581,0.668,3,14.913,0.057,15.712,0.052,15.727,0.374,14.57,0,NA,NA
305.738486,0.88,19.82236,0.35,2,15.108,0.07,16.178,0.207,NA,NA,NA,NA,NA,NA
305.743833,0.511,19.987786,0.42,2,14.644,0,15.161,0,15.576,-0.047,14.398,0,NA,NA
305.747989,0.271,19.918224,0.319,3,13.742,0.031,14.476,0.04,14.511,0.422,13.443,0.006,13.583,0
305.74848,0.74,19.823939,0.542,4,13.501,0.037,14.62,0.079,14.269,0.375,13.095,0.077,12.835,0.157
305.748879,0.377,19.808308,0.294,4,12.247,0.031,12.778,0.09,12.717,0.405,12.092,0.034,12.118,0.151
305.752762,0.973,19.87599,0.538,3,14.486,0.093,14.913,0.016,15.062,0.374,14.379,0.119,NA,NA
305.756082,0.981,19.9894,1.23,2,14.877,0.063,15.563,0.056,15.942,0,14.54,0,NA,NA
305.766697,0.893,19.80103,0.901,2,15.239,0.06,15.792,0.2,16.242,0,15.099,0,NA,NA
305.76876,1.317,19.880297,0.655,2,15.389,0.125,16.035,0.033,NA,NA,NA,NA,NA,NA
305.771832,0.425,19.946969,0.446,4,12.711,0.06,13.873,0.104,13.518,0.431,12.337,0.115,12.038,0.117
305.776148,1.081,19.832243,0.901,2,15.933,0.277,16.315,0.054,NA,NA,NA,NA,NA,NA
305.77804,1.679,19.930716,0.609,2,15.323,0,16.278,0,16.429,-0.104,15.228,0,NA,NA
305.779851,1.393,19.794869,0.65,2,14.361,0.134,15.524,0.189,15.682,0,13.944,0,NA,NA
305.783078,0.644,19.784126,1.075,2,14.78,0.008,15.287,0.112,15.743,0,14.526,0,NA,NA
305.785382,1.136,19.98572,0.693,2,14.924,0.019,15.684,0.066,15.587,0.623,14.618,0,14.512,0
305.787095,0.849,19.843075,0.421,2,15.609,0,15.965,0.031,NA,NA,NA,NA,NA,NA
305.787593,0.666,19.917171,0.495,4,13.579,0.044,14.213,0.107,14.137,0.364,13.336,0.063,13.302,0.053
305.789469,0.537,19.833516,0.649,3,14.903,0.174,15.452,0.164,15.583,0.459,14.491,0.196,NA,NA
305.79093,0.767,19.952073,0.758,3,14.636,0.04,15.167,0.018,15.392,0.295,14.403,0.047,NA,NA
305.793569,0.598,19.989491,0.724,4,13.76,0.082,14.465,0.144,14.401,0.349,13.564,0.073,13.556,0.17
305.796663,0.362,19.849912,0.33,4,12.756,0.029,13.865,0.127,13.508,0.38,12.351,0.062,12.138,0.099
305.800649,0.314,19.811177,0.273,4,11.245,0.029,12.737,0.082,12.212,0.397,10.682,0.1,10.244,0.093
305.802729,0.712,19.992712,0.713,3,14.07,0.029,15.175,0.212,15.006,0.376,13.657,0.011,13.585,0.099
305.804628,0.917,19.822564,0.445,4,13.519,0.062,14.429,0.096,14.197,0.375,13.211,0.049,13.112,0.047
305.815945,0.837,19.905571,0.492,2,15.2,0,16.077,0,16.456,-0.102,14.77,0,NA,NA
305.81695,0.516,19.817759,0.344,2,14.655,0.084,15.138,0.06,15.567,0,14.395,0,NA,NA
305.817742,1.493,19.832734,0.973,2,15.589,0.137,16.173,0.023,NA,NA,NA,NA,NA,NA
305.818858,0.666,19.94995,0.48,4,12.81,0.041,14.275,0.163,13.77,0.399,12.328,0.123,11.891,0.088
305.819296,0.205,19.961743,0.3,4,11.188,0.029,12.822,0.078,12.217,0.404,10.549,0.105,9.934,0.077
305.824078,0.425,19.818864,0.617,3,13.695,0.112,14.856,0.132,14.574,0.481,13.185,0.022,13.115,0
305.824854,0.735,19.940863,0.708,4,13.7,0.075,14.829,0.057,14.586,0.419,13.298,0.037,12.991,0.254
305.827187,0.934,19.824986,0.697,3,14.573,0.102,15.388,0.006,15.419,0.476,14.023,0.089,14.001,0.209
305.830638,0.775,19.843285,0.835,3,14.432,0.064,15.057,0.078,15.132,0.438,14.207,0.022,14.489,0
305.831432,0.802,19.893822,0.5,3,14.402,0.075,14.888,0.091,15.054,0.476,14.244,0.12,NA,NA
305.832307,0.622,19.87272,0.315,2,14.895,0,16.003,0,16.244,-0.086,14.458,0,NA,NA
305.833253,0.799,19.79469,0.623,3,13.973,0.059,14.557,0.173,14.594,0.44,13.747,0.062,13.667,0.141
305.837328,0.566,19.919296,0.914,3,14.035,0.017,14.72,0.172,14.75,0.361,13.848,0.025,13.946,0
305.841009,0.331,19.806656,0.189,4,11.963,0.038,12.582,0.112,12.472,0.399,11.76,0.07,11.721,0.115
305.842054,0.749,19.985408,0.781,3,13.725,0.052,14.262,0.14,14.364,0.366,13.488,0.017,13.572,0.081
305.844885,0.952,19.792085,0.992,3,14.317,0.084,14.948,0.23,15.009,0.382,14.064,0.032,13.965,0
305.845849,0.44,19.881364,0.897,3,14.783,0.075,15.325,0.118,15.348,0.379,14.483,0.094,NA,NA
305.84787,0.343,19.989526,0.606,2,14.614,0.023,15.203,0.061,15.647,0,14.293,0,NA,NA
305.850077,0.276,19.948303,0.373,4,12.126,0.027,13.494,0.088,13.025,0.392,11.641,0.109,11.298,0.053
305.853559,0.54,19.882774,0.845,3,14.196,0.086,14.812,0.194,14.824,0.443,13.924,0.063,NA,NA
305.857229,0.87,19.897264,0.861,4,14.329,0.141,15.166,0.136,15.089,0.412,14.096,0.016,13.884,0
305.861173,0.331,19.768113,0.346,4,12.532,0.03,13.186,0.087,13.047,0.411,12.351,0.069,12.287,0.109
305.871022,0.878,19.830037,1.092,2,15.683,0.105,16.228,0.036,15.81,0,NA,NA,NA,NA
305.872638,0.885,19.778685,0.713,3,14.58,0.12,15.125,0.064,15.166,0.481,14.266,0.011,NA,NA
305.87477,0.611,19.813842,0.876,2,14.61,0.094,16.055,0.022,16.1,0,13.958,0,12.945,0
305.877041,0.674,19.969929,0.764,2,14.641,0.015,15.65,0.028,15.836,0,14.279,0,NA,NA
305.880334,0.363,19.889952,0.933,2,15.4,0,16.689,0,16.79,-0.148,15.024,0,NA,NA
305.880879,0.409,19.808279,0.206,4,11.93,0.029,12.386,0.085,12.359,0.4,11.804,0.06,11.799,0.121
305.882883,0.674,19.937866,0.635,4,13.182,0.047,14.301,0.154,13.927,0.4,12.727,0.086,12.477,0.116
305.883008,0.708,19.792119,1.125,2,15.568,0.05,16.16,0.017,NA,NA,NA,NA,NA,NA
305.883125,0.842,19.829429,0.608,4,13.333,0.024,14.402,0.179,14.082,0.36,12.969,0.096,12.641,0.228
305.883269,0.904,19.968955,0.386,2,14.196,0.062,15.239,0.103,15.539,0,NA,NA,13.595,0
305.886414,1.524,19.786055,1.027,2,15.159,0.138,16.057,0.008,NA,NA,NA,NA,NA,NA
305.888081,0.736,19.964208,0.687,4,13.256,0.044,14.076,0.101,13.86,0.422,12.926,0.074,12.859,0.127
305.88888,0.25,19.922926,0.324,4,12.053,0.031,12.953,0.095,12.702,0.406,11.725,0.08,11.487,0.083
305.889649,0.89,19.938076,0.528,3,14.154,0.024,14.855,0,14.885,0.46,13.89,0.064,NA,NA
305.890053,0.422,19.888663,0.564,4,13.219,0.022,14.398,0.113,14.082,0.371,12.76,0.071,12.438,0.067
305.894135,0.633,19.838239,1.138,3,14.794,0.069,15.931,0.102,15.641,0.666,14.417,0.287,NA,NA
305.895411,1.149,19.953066,0.418,2,14.641,0,15.634,0,15.886,-0.065,14.259,0,NA,NA
305.896664,0.77,19.93458,0.784,4,14.062,0.056,15.072,0.051,14.797,0.476,13.593,0.133,13.392,0.193
305.897601,0.76,19.825023,0.754,4,13.455,0.026,14.371,0.109,14.046,0.37,13.101,0.051,12.836,0.139
305.899619,0.684,19.863367,1.409,3,14.785,0.132,15.836,0.006,15.838,0.31,14.384,0.184,NA,NA
305.903687,0.858,19.943249,1.042,2,14.801,0.033,15.43,0.108,15.799,0,14.572,0,NA,NA
305.90414,0.599,19.801741,0.327,2,14.586,0.03,15.068,0.031,15.471,0,14.408,0,NA,NA
305.905155,0.736,19.88248,0.783,3,14.211,0.058,14.977,0.097,14.945,0.388,13.862,0.054,13.525,0
305.907311,0.742,19.820471,0.763,3,15.167,0.19,15.753,0.006,15.917,0.269,14.845,0.071,NA,NA
305.907983,0.377,19.792957,0.242,4,12.036,0.031,12.577,0.071,12.511,0.403,11.843,0.063,11.827,0.09
305.912894,0.93,19.869318,0.576,3,13.095,0.024,13.783,0.149,13.649,0.396,12.894,0.059,12.809,0.091
305.914808,0.913,19.834973,0.672,2,13.727,-0.079,NA,NA,14.221,0.068,13.497,0.151,13.043,0.172
305.915175,0.426,19.834969,0.783,3,13.702,0.032,14.736,0.075,14.922,0,13.318,0,13.265,0
305.91669,0.784,19.787229,0.564,2,15.329,0.049,15.903,0.017,NA,NA,NA,NA,NA,NA
305.918378,0.383,19.978967,0.949,2,14.84,0,15.611,0,15.871,-0.065,14.464,0,NA,NA
305.919454,0.807,19.875733,0.689,3,14.012,0.073,15.347,0.064,15.044,0.48,13.359,0.011,13.071,0.061
305.921076,0.687,19.925191,0.755,4,13.826,0.058,14.353,0.198,14.329,0.354,13.754,0.088,13.75,0
305.922437,1.116,19.806118,0.864,3,14.057,0.03,14.767,0.134,14.804,0.388,13.737,0.022,13.411,0
305.923646,0.731,19.837752,1.123,3,14.542,0.039,15.163,0.119,15.151,0.374,14.223,0.065,NA,NA
305.924054,0.646,19.970751,0.683,2,14.942,0.042,15.655,0.021,15.934,0,14.557,0,NA,NA
305.924439,0.549,19.796648,0.58,2,14.95,0.008,15.407,0.006,15.936,0,14.738,0,NA,NA
305.927567,0.629,19.954992,0.589,4,13.299,0.042,14.392,0.153,14.068,0.362,12.908,0.075,12.691,0.158
305.929351,0.884,19.907093,0.696,4,14.484,0.054,14.966,0.078,15.103,0.403,14.297,0.119,NA,NA
305.929385,0.461,19.978195,0.877,2,15.053,0.041,15.619,0.096,NA,NA,NA,NA,NA,NA
305.931572,0.738,19.996203,0.847,2,13.05,0.026,14.608,0.012,13.771,0.073,12.535,0.07,12.047,0.09
305.931719,0.631,19.996186,0.718,2,13.014,0.078,14.42,0.021,14.47,0,12.391,0,12.088,0
305.933044,0.743,19.795033,0.454,3,14.102,0.067,14.676,0.105,14.733,0.415,13.893,0.048,14,0
305.933449,1.004,19.914882,0.895,2,15.388,0,16.062,0,NA,NA,15.343,-0.09,NA,NA
305.936385,0.499,19.77514,0.864,4,13.942,0.056,14.917,0.021,14.63,0.45,13.518,0.036,13.27,0.1
305.937553,0.399,19.981666,0.761,2,14.878,0,15.894,0,15.978,-0.072,14.503,0,NA,NA
305.940114,0.668,19.858273,0.613,3,14.198,0.059,14.949,0.213,14.946,0.414,14.006,0.042,14.048,0
305.943544,0.775,19.818588,1.014,4,13.561,0.049,14.361,0.167,14.257,0.393,13.278,0.023,13.265,0.204
305.945249,0.751,19.90706,0.552,2,14.93,0.099,15.546,0.07,15.955,0,14.607,0,NA,NA
305.945462,0.496,19.912552,0.389,3,14.015,0.03,14.622,0.072,14.637,0.531,13.821,0.104,13.776,0
305.946125,0.748,19.834312,0.614,2,15.263,0.086,15.78,0.006,NA,NA,NA,NA,NA,NA
305.949536,0.769,19.979056,0.666,3,14.484,0.193,15.088,0.259,15.056,0.506,14.206,0.078,NA,NA
305.95187,1.163,19.853301,1.048,2,15.549,0.011,16.547,0.036,15.968,0,15.287,0,14.832,0
305.954051,0.257,19.993903,1.37,2,15.47,0.04,15.944,0.073,NA,NA,NA,NA,NA,NA
305.957545,0.649,19.969357,0.612,2,14.146,0.091,15.35,0.03,15.466,0,13.581,0,13.445,0
305.957849,1.168,19.79252,0.874,2,15.019,0.054,15.446,0.034,15.931,0,14.907,0,NA,NA
305.958658,0.729,19.911072,0.773,3,14.439,0.127,15.545,0.26,15.272,0.419,13.892,0.037,13.616,0.01
305.960819,1.065,19.781737,1.082,2,15.207,0.054,16.087,0.227,16.579,0,14.739,0,NA,NA
305.962369,0.578,19.949533,0.322,4,13.001,0.026,13.389,0.097,13.397,0.382,12.909,0.077,13.055,0.157
305.964441,0.963,19.998652,1.162,2,14.197,0.051,15.418,0.084,NA,NA,NA,NA,NA,NA
305.965266,0.316,19.96792,0.253,4,12.632,0.036,13.442,0.075,13.265,0.384,12.375,0.069,12.288,0.096
305.968571,1.45,19.829797,1.008,2,15.021,0.025,15.503,0.049,15.148,0,14.879,0,14.957,0
305.96929,0.555,19.847777,0.548,2,14.964,0.025,15.587,0.031,15.983,0,14.752,0,NA,NA
305.969371,0.721,19.912497,0.654,4,13.523,0.05,14.78,0.076,14.401,0.416,13.071,0.087,12.801,0
305.970975,0.75,19.928582,0.672,2,14.6,0.081,15.081,0.006,15.569,0,14.293,0,NA,NA
305.973182,1.073,19.894814,0.805,4,14.195,0.09,14.501,0.139,14.701,0.412,14.194,0.051,NA,NA
305.973422,0.403,19.999276,0.382,4,13.875,0.033,14.815,0.008,14.634,0.411,13.479,0.061,13.375,0
305.97777,0.365,19.878937,0.539,2,14.539,0.016,15.233,0.034,15.479,0,14.291,0,NA,NA
305.979156,0.953,19.940214,1.129,3,14.722,0.064,15.213,0.039,15.032,0,14.504,0,NA,NA
305.980253,1.005,19.94572,0.675,3,14.734,0.053,15.523,0.085,15.499,0.388,14.257,0.023,NA,NA
305.985432,0.418,19.859658,0.646,4,13.247,0.066,14.161,0.101,14.082,0.457,12.833,0.068,12.642,0.144
305.987127,0.938,19.783656,0.617,4,14.062,0.051,15.287,0.017,14.941,0.39,13.52,0.079,13.234,0.006
305.988432,0.715,19.814025,0.471,2,14.458,0.132,15.014,0.006,15.404,0,14.097,0,NA,NA
305.990797,0.684,19.83762,0.9,2,14.927,0.034,15.451,0.052,15.901,0,14.734,0,NA,NA
305.991796,0.542,19.942591,1.001,3,14.551,0.039,15.355,0.199,15.147,0.448,14.286,0.082,14.184,0
305.992724,1.106,19.966452,1.42,2,15.62,0,16.392,-0.158,15.845,0,NA,NA,NA,NA
305.99745,0.685,19.834614,0.679,4,14.13,0.051,15.486,0.074,15.074,0.326,13.575,0.1,12.495,0.03
305.999302,0.796,19.948667,0.419,3,14.5,0,15.475,0,15.279,0.313,14.108,0.05,13.91,0
306.000057,0.952,19.818922,0.365,2,13.587,0.089,14.347,0.349,14.257,0.379,13.38,0.026,13.51,0
306.000811,0.616,19.953591,1.099,2,15.009,0.034,15.715,0.118,16.135,0,14.722,0,NA,NA
306.000851,0.724,19.984219,0.755,2,15.142,0,16.037,0,15.832,0.554,14.641,0,14.634,0
306.001485,0.814,19.976543,1.425,2,15.822,0.084,16.735,0.073,16.135,0,NA,NA,15.336,0
306.003861,0.457,19.869957,0.507,4,13.286,0.037,13.474,0.097,13.561,0.402,13.255,0.039,13.501,0.137
306.009625,0.653,19.790347,0.948,4,13.651,0.063,14.769,0.126,14.408,0.43,13.237,0.085,12.991,0.104
306.012024,0.473,19.8617,0.572,4,13.099,0.033,13.647,0.088,13.6,0.385,12.971,0.128,12.945,0.172
306.012119,0.561,19.850259,0.508,4,13.207,0.037,14.051,0.159,13.861,0.429,12.887,0.1,12.695,0.087
306.012829,0.317,19.802446,0.267,4,11.693,0.035,12.844,0.089,12.487,0.398,11.272,0.084,10.989,0.07
306.015169,0.277,19.907488,0.77,2,14.707,0,15.959,0,15.819,-0.062,14.228,0,NA,NA
306.017133,0.884,19.782499,0.435,3,14.828,0.108,15.393,0.292,15.638,0.432,14.447,0.006,NA,NA
306.021493,0.32,19.950054,0.37,4,12.952,0.036,14.227,0.16,13.828,0.397,12.551,0.101,12.275,0.031
306.023303,0.969,19.983677,0.566,2,15.055,0.011,15.927,0.039,16.141,0,14.653,0,NA,NA
306.023582,0.399,19.857468,0.268,4,12.42,0.026,12.904,0.093,12.86,0.397,12.266,0.058,12.255,0.114
306.02459,0.691,19.889108,0.52,2,14.495,0.021,15.045,0.012,15.103,0.558,14.223,0,14.173,0
306.025808,0.7,19.936783,0.573,4,13.451,0.052,14.913,0.08,14.415,0.397,12.863,0.082,12.473,0.077
306.027223,0.988,19.880467,0.376,2,14.647,0.008,15.18,0.014,15.184,0.585,14.465,0,14.316,0
306.02741,0.852,19.80597,0.792,4,13.87,0.097,14.691,0.215,14.475,0.39,13.648,0.082,13.724,0.026
306.028341,0.55,19.847817,0.428,3,13.955,0.052,15.115,0.055,14.968,0.504,13.511,0.1,13.254,0.008
306.029091,1.28,19.840679,0.498,2,14.795,0.008,15.47,0.021,15.955,0,14.47,0,14.563,0
306.032221,0.444,19.899941,0.512,2,14.775,0.046,15.393,0.047,NA,NA,NA,NA,NA,NA
306.034659,0.531,19.828449,0.479,4,13.315,0.067,13.805,0.098,13.78,0.37,13.089,0.057,13.163,0.071
306.034692,0.759,19.979102,0.354,2,15.041,0,16.056,0,16.283,-0.089,14.566,0,NA,NA
306.037744,0.259,19.874692,0.336,4,12.183,0.041,12.904,0.07,12.761,0.394,11.931,0.07,11.873,0.084
306.040156,0.479,19.950563,0.366,4,13.198,0.041,13.851,0.139,13.758,0.375,12.979,0.079,12.92,0.134
306.042404,0.595,19.90443,0.371,4,12.165,0.026,12.204,0.079,12.362,0.406,12.225,0.019,12.55,0.099
306.044573,0.579,19.911633,0.475,4,13.087,0.042,14.22,0.116,13.898,0.381,12.69,0.081,12.39,0.09
306.045993,0.442,19.784086,0.279,2,13.944,0.045,14.519,0.031,14.979,0,13.696,0,13.842,0
306.047028,0.652,19.810323,0.578,2,15.447,0.117,15.951,0.115,NA,NA,NA,NA,NA,NA
306.047584,1.073,19.839892,0.61,3,14.308,0.043,15.24,0.006,15.08,0.455,13.98,0.103,13.993,0
306.04913,0.7,19.853978,0.986,3,14.561,0.163,15.042,0.151,15.487,0,14.292,0,NA,NA
306.057464,0.334,19.821214,0.158,4,11.074,0.021,11.469,0.077,11.469,0.408,10.96,0.066,10.994,0.101
306.058333,0.894,19.874781,1.115,2,15.316,0,15.776,0,16.354,-0.094,14.77,0,NA,NA
306.058738,1.008,19.836887,0.634,2,15.255,0,16.361,0,16.619,-0.126,14.775,0,NA,NA
306.059168,0.425,19.782702,1.273,2,15.574,0.158,16.085,0.146,15.781,0,NA,NA,NA,NA
306.060312,0.401,19.912024,0.709,3,14.628,0.029,15.308,0.059,15.355,0.461,14.353,0.01,NA,NA
306.062479,0.36,19.974557,0.292,4,12.903,0.038,13.342,0.091,13.358,0.4,12.738,0.016,12.786,0.133
306.065373,0.673,19.869919,0.526,2,14.403,0.057,15.054,0.048,15.419,0,14.12,0,NA,NA
306.070595,1.09,19.832549,0.616,3,14.308,0.081,15.441,0.052,15.249,0.493,13.852,0.078,13.645,0.276
306.078174,0.697,19.880666,0.886,3,13.994,0.066,15.249,0.021,14.93,0.629,13.504,0.103,13.19,0.026
306.080341,0.73,19.915607,0.519,4,13.488,0.052,14.371,0.171,14.142,0.394,13.224,0.08,13.069,0.096
306.080819,0.747,19.799952,0.609,3,14.203,0.091,14.607,0.098,14.734,0.474,13.984,0.042,14.102,0.277
306.083929,0.882,19.941609,1.075,2,15.289,0.085,16.163,0.147,16.402,0,14.883,0,NA,NA
306.084027,1.082,19.844933,0.663,3,15.009,0.143,15.551,0.017,15.318,0.245,14.77,0,14.777,0
306.086631,1.214,19.978706,1.195,3,14.907,0,16.099,0,15.996,0.391,14.431,0.042,NA,NA
306.087399,0.953,19.947844,1.206,2,14.856,0.017,15.754,0.037,15.622,0.609,14.459,0,14.371,0
306.088889,0.374,19.956658,1.154,2,14.826,0,15.972,0,16.122,-0.076,14.384,0,NA,NA
306.089905,1.112,19.826375,0.458,4,13.965,0.039,14.743,0.139,14.748,0.399,13.666,0.023,13.675,0.122
306.090161,1.547,19.994092,0.878,2,15.528,0,16.516,-0.181,15.827,0,15.423,0,15.173,0
306.094937,0.636,19.916048,0.579,4,14.138,0.114,14.827,0.179,14.574,0.354,13.84,0.1,13.736,0.121
306.100065,0.526,19.858955,0.522,4,12.69,0.036,13.235,0.09,13.106,0.371,12.565,0.078,12.515,0.117
306.10158,0.484,19.83131,0.372,2,14.942,0.033,16.047,0.058,16.242,0,14.507,0,NA,NA
306.103598,0.729,19.81072,0.496,2,15.638,0.071,16.165,0.022,NA,NA,NA,NA,NA,NA
306.106512,0.531,19.98819,0.529,3,12.78,0.032,13.963,0.081,14.123,0,12.383,0.188,12.093,0
306.106591,0.396,19.988029,1.556,2,12.769,0.058,14.121,0.042,13.406,0.091,12.316,0,11.945,0.11
306.109267,1.078,19.95772,0.739,2,14.817,0.094,15.447,0.023,15.447,0.573,14.551,0.032,14.376,0
306.116517,0.445,19.816029,0.308,3,13.673,0.037,14.817,0.019,14.704,0.492,13.254,0.056,12.936,0.082
306.117355,0.914,19.918341,0.503,2,15.314,0.096,15.684,0.061,16.17,0,14.959,0,NA,NA
306.117446,0.534,19.935314,0.643,4,13.232,0.041,13.826,0.021,13.804,0.382,13.034,0.079,12.933,0.148
306.117524,1.171,19.945277,0.781,2,15.431,0.124,16.137,0.065,15.677,0,15.078,0,14.858,0
306.128764,0.371,19.818164,0.468,4,12.697,0.033,13.148,0.076,13.143,0.397,12.575,0.067,12.591,0.082
306.132994,0.742,19.924885,0.395,3,14.406,0.128,15.343,0.211,15.056,0.408,14.017,0.091,13.917,0.155
306.133151,0.742,19.859603,0.95,2,13.529,0,14.814,-0.038,14.611,0.426,12.871,0.05,12.008,0.018
306.134168,1.136,19.840723,0.382,3,13.969,0.037,14.62,0.19,14.922,0,13.783,0,13.818,0
306.134569,0.293,19.832022,0.184,4,11.651,0.028,12.541,0.067,12.31,0.406,11.341,0.082,11.151,0.076
306.135156,0.426,19.913155,0.7,2,14.754,0.059,15.819,0.048,16.061,0,14.308,0,NA,NA
306.135381,0.563,19.940296,0.47,2,13.945,0.03,14.573,0.032,15.019,0,13.681,0,13.733,0
306.141396,0.392,19.957272,0.321,4,12.611,0.049,13.578,0.087,13.249,0.359,12.257,0.106,12.012,0.083
306.146108,0.638,19.973596,0.562,3,13.879,0.037,15.192,0.237,14.761,0.425,13.389,0.034,13.142,0.019
306.148421,0.325,19.832936,0.153,4,10.965,0.029,11.17,0.072,11.212,0.356,10.927,0.046,11.045,0.086
306.148603,0.455,19.91124,0.432,2,15.235,0.039,15.877,0.042,NA,NA,NA,NA,NA,NA
306.149608,0.577,19.931827,0.794,2,15.26,0.163,16.001,0.092,15.879,0.528,14.909,0,NA,NA
306.153885,0.669,19.900807,0.815,4,13.54,0.076,14.085,0.103,13.921,0.354,13.325,0.092,13.236,0.18
306.153972,0.854,19.889641,0.904,3,14.183,0.06,14.747,0.015,14.688,0.422,13.956,0,13.904,0.006
306.158095,0.737,19.988554,0.833,2,14.899,0.047,15.548,0.045,15.444,0.518,14.748,0,14.589,0
306.159494,1.606,19.869438,0.391,2,15.611,0,16.236,-0.141,16.453,0,15.162,0,NA,NA
306.161304,0.635,19.844172,1.05,3,14.543,0.035,15.618,0,15.058,0,14.317,0,13.838,0
306.162097,0.538,19.98243,0.536,3,13.868,0.046,14.528,0.054,14.451,0.418,13.593,0.032,13.516,0.032
306.163284,0.535,19.998757,0.731,4,14.201,0,14.794,0.038,14.771,0.386,13.957,0.135,13.754,0
306.163835,0.371,19.881361,0.268,4,11.785,0.029,12.312,0.073,12.185,0.371,11.618,0.075,11.596,0.082
306.172436,1.159,19.870448,0.97,2,15.143,0.06,16.092,0.098,15.954,0.635,14.609,0.078,14.217,0
306.17509,1.046,19.939563,1.116,2,15.658,0.018,16.281,-0.152,15.917,0,NA,NA,NA,NA
306.180936,0.286,19.828718,0.127,4,10.602,0.033,11.196,0.067,11.08,0.34,10.386,0.06,10.339,0.067
306.18454,0.558,19.857898,1.216,2,15.094,0,15.691,-0.041,15.753,0,14.792,0,NA,NA
306.1851,0.603,19.871807,0.805,3,14.133,0.008,14.89,0.006,14.937,0.369,13.843,0.034,13.807,0.059
306.191775,0.543,19.922607,0.538,2,15.192,0.062,16.152,0.125,16.507,0,14.812,0,NA,NA
306.195886,1.219,19.988349,1.455,2,15.064,0.04,15.626,0,15.715,0.592,14.818,0.051,14.638,0
306.199489,0.901,19.949396,0.594,3,14.159,0,14.758,0,14.73,0.401,14.004,0.031,13.921,0.056
306.200306,0.986,19.962618,0.728,4,13.688,0.053,14.302,0.124,14.178,0.371,13.517,0.087,13.405,0.088
306.200324,0.475,19.834685,1.52,2,15.534,0,16.26,0,16.662,-0.121,NA,NA,NA,NA
306.201931,0.939,19.914097,0.489,2,15.052,0.071,15.803,0.006,15.828,0.579,14.723,0,14.743,0
306.204163,0.974,19.923072,1.159,2,15.036,0,16.01,-0.117,15.838,0.638,14.563,0.035,14.261,0
306.206594,0.79,19.825882,0.587,4,13.714,0.038,14.515,0.03,14.316,0.348,13.368,0.06,13.265,0.083
306.209941,0.33,19.886742,0.851,2,14.682,0,15.883,0,15.663,0.623,14.117,0,13.781,0
306.215634,1.052,19.97837,0.838,3,14.548,0.036,15.423,0.11,15.678,0,14.19,0,NA,NA
306.2163,1.005,19.95356,0.976,2,14.605,0.01,15.872,0.027,15.567,0.535,14.212,0.008,13.839,0
306.216324,0.985,19.929432,0.366,2,15.533,0,16.696,0,NA,NA,15.064,-0.071,NA,NA
306.219723,0.395,19.874394,1.242,2,15.423,0.083,15.977,0.014,NA,NA,NA,NA,NA,NA
306.222638,0.626,19.859841,0.534,3,14.373,0.035,15.037,0.166,15.035,0.592,14.174,0,14.185,0.069
306.222848,0.599,19.921266,0.825,2,15.366,0.012,15.938,0.195,NA,NA,NA,NA,NA,NA
306.227742,1.079,19.998346,1.389,3,15.04,0,16.053,0,15.776,0.413,14.566,0.089,14.382,0
306.235527,1.011,19.972947,0.676,4,13.871,0.025,14.84,0.248,14.594,0.382,13.503,0.109,13.11,0.067
306.238152,0.989,19.870025,0.91,2,15.399,0.027,16.278,0.051,15.751,0,15.35,0,NA,NA
306.24344,0.293,19.926083,0.308,2,14.107,0.029,14.73,0.014,14.741,0.515,13.826,0,13.839,0.1
306.243949,0.93,19.953706,0.946,4,14.22,0.017,14.942,0.006,14.803,0.353,13.979,0.072,13.916,0.036
306.245368,0.802,19.933613,0.565,4,13.648,0.024,14.345,0.188,14.158,0.337,13.453,0.064,13.35,0.12
306.245372,1.124,19.939599,0.626,2,14.653,0.084,16.07,0.129,15.728,0.416,14.006,0.057,13.556,0.018
306.247622,0.367,19.864129,1.355,3,13.326,0,14.002,0,14.102,0.391,13.059,0.043,13.086,0
306.249524,0.778,19.831947,0.757,2,15.43,0.136,16.098,0.212,16.042,0.579,15.085,0,NA,NA
306.250813,0.889,19.98336,0.474,2,13.611,0.031,14.397,0.011,14.338,0.553,13.29,0.063,13.163,0.104
306.263098,0.859,19.864809,1.358,3,14.802,0.106,15.432,0.166,15.333,0.528,14.57,0.069,14.509,0
306.27331,0.694,19.864802,0.824,4,14.115,0.043,15.581,0.394,15.026,0.415,13.574,0.05,13.244,0.104
306.275393,0.91,19.922104,0.536,3,13.993,0.04,15.019,0.134,14.785,0.378,13.619,0.049,13.387,0.079
306.279156,0.63,19.958024,0.285,4,11.727,0.042,13.392,0.096,12.719,0.381,11.091,0.101,10.408,0.06
306.29024,0.708,19.85223,0.756,4,12.535,0.031,13.12,0.104,12.951,0.38,12.392,0.052,12.344,0.09
306.29033,0.897,19.912504,0.525,4,13.472,0.023,14.719,0.051,14.284,0.359,13.05,0.076,12.739,0.099
306.293249,0.667,19.940043,0.292,4,11.008,0.03,11.342,0.061,11.334,0.341,10.926,0.055,10.989,0.075
306.299398,0.96,19.905683,0.29,4,12.894,0.028,14.212,0.103,13.73,0.363,12.432,0.108,12.102,0.044
306.300347,0.655,19.850475,0.216,4,11.485,0.033,12.529,0.084,12.148,0.363,11.13,0.077,10.896,0.071
306.307537,1.102,19.865907,0.453,2,14.529,0,15.292,-0.03,15.156,0,14.146,0,NA,NA
306.311114,0.602,19.907941,0.254,4,11.465,0.033,11.933,0.082,11.845,0.361,11.335,0.056,11.326,0.081
306.311565,1.227,19.977438,0.599,2,14.997,0.035,15.596,0.023,15.235,0,14.851,0,14.605,0
306.314689,0.879,19.888939,0.713,2,15.142,0.069,15.787,0.053,15.416,0,15,0,14.708,0
306.31561,0.929,19.916361,0.849,2,14.291,0.008,15.051,0.06,14.998,0.519,14.018,0.014,14.004,0.192
306.318135,0.99,19.901905,0.763,2,14.556,0.037,15.297,0.031,15.247,0.61,14.321,0.026,14.207,0
306.321239,0.934,19.966268,0.718,4,14.21,0.046,14.89,0.094,14.775,0.405,13.974,0.031,13.835,0.057
306.323045,0.755,19.924922,0.711,3,14.317,0.046,15.02,0.012,14.95,0.428,14.016,0.058,13.961,0.051
306.327679,0.829,19.874197,0.78,2,14.961,0.056,15.597,0.025,15.599,0.525,14.677,0.01,14.689,0
306.329807,0.615,19.900446,0.24,4,10.847,0.026,10.902,0.061,11.047,0.327,10.939,0.041,11.179,0.073
306.330256,0.383,19.995443,0.934,2,16.118,0.051,16.701,0.081,NA,NA,NA,NA,NA,NA
306.340995,1.133,19.983263,0.891,2,14.626,0.062,15.409,0.095,15.319,0.462,14.353,0.015,14.243,0
306.350399,0.928,19.898044,0.742,2,14.774,0.079,15.771,0.113,15.572,0.484,14.366,0.027,14.123,0
306.350634,1.026,19.879363,0.728,2,15.43,0,16.145,0,16.498,-0.111,15.134,0,NA,NA
306.353861,0.536,19.924956,0.375,4,11.432,0.039,13.071,0.116,12.409,0.361,10.816,0.104,10.161,0.064
306.356557,0.823,19.907333,0.758,2,14.287,0.033,15.517,0.006,15.273,0.579,13.854,0.067,13.485,0.046
306.358519,0.816,19.996001,0.381,4,12.161,0.093,12.601,0.077,12.606,0.435,12.104,0.04,12.156,0.096
306.360026,0.996,19.98376,0.612,4,13.7,0.024,14.719,0.125,14.385,0.376,13.28,0.045,13.072,0.097
306.360294,0.825,19.93431,1.069,3,15.055,0,15.972,0,15.902,0.49,14.834,0.132,14.489,0
306.369062,0.458,19.902466,0.655,2,14.465,0.06,15.332,0.03,15.224,0.599,14.017,0,13.764,0
306.369745,0.744,19.932042,0.621,4,12.939,0.058,14.241,0.121,13.73,0.366,12.468,0.082,12.109,0.079
306.373791,1.354,19.892427,0.654,2,15.258,0,16.149,-0.131,15.789,0,NA,NA,NA,NA
306.375422,0.79,19.898169,0.551,3,14.672,0.015,15.702,0.017,15.355,0.454,14.289,0.037,13.994,0
306.381442,1.253,19.933494,0.71,2,15.338,0,16.739,-0.227,16.327,0.542,14.935,0.028,14.687,0
306.384129,0.775,19.983561,0.358,4,13.558,0.042,14.485,0.101,14.189,0.375,13.172,0.053,12.903,0.104
306.384932,1.706,19.944422,0.982,2,15.763,0.102,16.495,0.149,16.114,0,NA,NA,15.663,0
306.386729,0.777,19.964496,0.725,3,14.281,0.034,15.133,0.037,14.984,0.358,14.007,0.049,13.973,0.125
306.394271,0.901,19.964489,0.753,2,15.193,0,16.017,0,15.946,0.574,14.995,0.05,14.847,0
306.395212,0.61,19.993271,1.168,3,14.774,0.197,15.989,0.368,15.716,0.505,14.717,0.012,14.54,0
306.397876,0.787,19.913911,0.589,4,13.569,0.027,14.261,0.137,14.051,0.376,13.372,0.059,13.266,0.071
306.401383,1.65,19.920772,0.508,2,15.513,0.126,16.27,-0.15,15.84,0,NA,NA,14.959,0
306.4074,0.625,19.931823,0.6,4,14.117,0.063,14.886,0.146,14.642,0.365,13.785,0.09,13.557,0.058
306.4103,1.064,19.952783,0.631,2,15.18,0.025,15.8,0.033,15.799,0.508,14.865,0.037,14.847,0
306.418658,0.567,19.909556,0.259,4,12.336,0.031,13.484,0.088,13.049,0.381,11.953,0.081,11.602,0.05
306.439731,0.811,19.995318,0.649,3,14.21,0.047,15.423,0.081,15.067,0.411,13.759,0.071,13.468,0.178
306.450246,0.869,19.938651,0.805,3,14.348,0.023,15.018,0.121,14.901,0.41,14.065,0.068,14.056,0.154
306.450934,0.728,19.926606,0.708,4,13.951,0.071,14.656,0.081,14.49,0.348,13.701,0.067,13.541,0.108
306.457997,1.096,19.956023,1.167,2,15.153,0.008,15.898,0.126,15.462,0,14.96,0,14.551,0
306.458505,0.602,19.963067,0.599,3,14.065,0.032,15.867,0.127,15.222,0.402,13.41,0.075,12.48,0.049
306.471036,0.742,19.956757,0.446,3,13.916,0.031,14.635,0.138,14.488,0.366,13.687,0.031,13.645,0.119
306.485502,0.839,19.981285,0.835,2,14.872,0.024,15.601,0.025,15.618,0.553,14.584,0.095,14.455,0
306.493261,0.964,19.994934,0.501,4,14.057,0.039,14.714,0.087,14.551,0.414,13.759,0.095,13.754,0.135
306.501748,1.163,19.962372,0.765,3,14.626,0.021,15.966,0.006,15.681,0.415,14.178,0.114,13.82,0.104
